{"knn": 640.1581972761992, "dt": 519.5616722367869}