{"carat": 0.31, "cut": 4.0, "color": 3.0, "clarity": 6.0, "depth": 61.2, "table": 56.0, "total_depth": 0.6123853211009175, "size": 50.754563999999995}